item_code,item_name_original,item_name_en
-1,,
1,AYAM BERSIH - STANDARD,Cleaned Chicken - Standard
10,DAGING KAMBING BEBIRI IMPORT BERTULANG (MUTTON) (NEW ZEALAND - KOTAK),Mutton Imported Bone-in (MUTTON) (NEW ZEALAND - Box)
101,KELAPA BIJI,Whole Coconut
1017,FISHERMAN'S FRIEND ORIGINAL,FISHERMAN'S FRIEND ORIGINAL
1019,MINYAK ANGIN CAP KAPAK,Kapak Brand Medicated Oil
102,KELAPA PARUT,Grated Coconut
1020,VICKS VAPORUB,VICKS VAPORUB
1025,LISTERINE COOL MINT,LISTERINE COOL MINT
103,SANTAN KELAPA SEGAR (BIASA),Fresh Coconut Milk (Regular)
104,KUBIS BULAT IMPORT (CHINA),Round Cabbage Imported (CHINA)
105,KUBIS BULAT (TEMPATAN),Round Cabbage (Local)
1050,MAGGI MEE CURRY,MAGGI Noodles CURRY
1063,KINDER BUENO - MILK & HAZELNUT,KINDER BUENO - MILK & HAZELNUT
1070,SOS CILI MAGGI,Maggi Chili Sauce
108,KUNYIT HIDUP,Fresh Turmeric
1080,SERBUK PENAIK ROYAL (TIN),Baking Powder ROYAL (Tin)
1081,MACKAREL CAP KING CUP (SOS TOMATO),King Cup Mackerel (Tomato Sauce)
1082,MACKAREL CAP AYAM (SOS TOMATO),Ayam Brand Mackerel (Tomato Sauce)
1084,TEH BOH (SERBUK),Boh Tea (Powder)
1086,MINYAK JAGUNG CAP DAISY,Daisy Corn Oil
1087,MINYAK JAGUNG CAP DAISY,Daisy Corn Oil
1088,MINYAK JAGUNG CAP MAZOLA,Mazola Corn Oil
1089,MINYAK JAGUNG CAP VECORN,Vecorn Corn Oil
109,LOBAK MERAH,Carrots
1090,MINYAK JAGUNG CAP VECORN,Vecorn Corn Oil
1091,MINYAK MASAK SEBATIAN CAP HELANG,Blended Cooking Oil Brand HELANG
1092,MINYAK MASAK SEBATIAN CAP NEPTUNE,Blended Cooking Oil Brand NEPTUNE
1093,MINYAK MASAK SEBATIAN CAP PISAU,Blended Cooking Oil Brand PISAU
1094,MINYAK MASAK TULEN CAP BURUH,Pure Cooking Oil Brand BURUH
1095,MINYAK MASAK TULEN CAP VESAWIT,Pure Cooking Oil Brand VESAWIT
1097,SOS CILI MAGGI,Maggi Chili Sauce
11,DAGING KAMBING BEBIRI IMPORT TANPA TULANG (MUTTON) (TIDAK TERMASUK PAHA - AUSTRALIA),Mutton Imported Boneless (MUTTON) (Excluding Leg - AUSTRALIA)
1100,MINYAK MASAK TULEN CAP SERI MURNI,Pure Cooking Oil Brand SERI MURNI
1101,MINYAK MASAK TULEN CAP SERI MURNI,Pure Cooking Oil Brand SERI MURNI
1105,SUSU ANLENE ACTIFIT 3X COKLAT,Milk ANLENE ACTIFIT 3X Chocolate
1109,TELUR AYAM GRED A,Eggs Chicken Grade A
1110,TELUR AYAM GRED B,Grade B Chicken Eggs
1111,TELUR AYAM GRED C,Eggs Chicken Grade C
1114,SOS TIRAM KIMBALL,Oyster Sauce KIMBALL
1115,KICAP LEMAK MASIN CAP KIPAS UDANG,Salty Thick Soy Sauce Brand KIPAS Prawns
1116,SOS TIRAM NONA,Oyster Sauce NONA
1117,SOS TIRAM ADABI,Oyster Sauce ADABI
112,TERUNG PANJANG,Long Eggplant
1125,SERBUK CILI KIJANG,Chili Powder KIJANG
1127,AYAM BELANDA IMPORT,Imported Turkey
1128,LADA BENGGALA HIJAU (CAPSICUM),Bell Pepper Green (CAPSICUM)
1129,LADA BENGGALA MERAH (CAPSICUM),Bell Pepper Red (CAPSICUM)
113,TIMUN,Cucumber
1130,LADA BENGGALA KUNING (CAPSICUM),Bell Pepper Yellow (CAPSICUM)
1131,UBI KENTANG IMPORT (CHINA),Potatoes Imported (CHINA)
1132,LIMAU NIPIS,Lime
1135,KICAP MANIS ADABI,Sweet Soy Sauce ADABI
1136,KICAP MASIN ADABI,Salty Soy Sauce ADABI
1137,SOS CILI THAI LIFE,Life Thai Chili Sauce
1138,SOS TIRAM MAGGI,Oyster Sauce MAGGI
1139,SOS TOMATO LIFE,Life Tomato Sauce
114,TOMATO,Tomato
1140,MARJERIN PLANTA,Margarine PLANTA
1141,MARJERIN DAISY,Margarine DAISY
1142,SARDIN CAP ADABI (SOS TOMATO DENGAN CILI),Adabi Sardines (Tomato Sauce with Chili)
1144,MENTEGA KACANG HALUS LADY'S CHOICE,Butter Beans Fine LADY'S CHOICE
1145,NESTLE CERELAC BERAS - TIN,NESTLE CERELAC Rice - Tin
1151,SANTAN KELAPA JENAMA AYAM BRAND,Ayam Brand Coconut Milk
1153,PERENCAH TOM YAM ADABI,Seasoning TOM YAM ADABI
1157,NASI PUTIH KOSONG,Plain White Rice
1158,NASI AYAM,Chicken Rice
1159,NASI LEMAK (BERBUNGKUS),Nasi Lemak (Wrapped)
1160,NASI LEMAK (TIDAK BERBUNGKUS),Nasi Lemak (Unwrapped)
1161,NASI + SAYUR + IKAN,Rice + Vegetables + Fish
1162,NASI + SAYUR + AYAM,Rice + Vegetables + Chicken
1163,NASI + SAYUR + DAGING,Rice + Vegetables + Meat
1164,NASI + SAYUR + SOTONG,Rice + Vegetables + Squid
1165,NASI + SAYUR + UDANG,Rice + Vegetables + Prawns
1167,NASI GORENG KAMPUNG,Village-Style Fried Rice
1168,NASI GORENG PAPRIK,NASI Fried PAPRIK
1169,NASI GORENG CINA,Chinese Fried Rice
1170,NASI GORENG PATAYA,NASI Fried PATAYA
1172,NASI GORENG CILI PADI,NASI Fried Chili PADI
1173,NASI GORENG DAGING MERAH,NASI Fried Meat Red
1174,NASI GORENG USA,NASI Fried USA
1175,NASI GORENG AYAM,Chicken Fried Rice
118,TELUR AYAM GRED A (BERAT 65.0 GM HINGGA 69.9 GM SEBIJI),Eggs Chicken Grade A (Weight 65.0 GM to 69.9 GM each)
1183,BIHUN GORENG,Fried Rice Vermicelli
1184,BIHUN HAILAM,Rice Vermicelli HAILAM
1186,BIHUN TOMYAM,Rice Vermicelli TOMYAM
1187,BIHUN BANDUNG,Rice Vermicelli BANDUNG
1188,BIHUN LADNA,Rice Vermicelli LADNA
1189,BIHUN KUNGFU,Rice Vermicelli KUNGFU
119,TELUR AYAM GRED B (BERAT 60.0 GM HINGGA 64.9 GM),Eggs Chicken Grade B (Weight 60.0 GM to 64.9 GM)
1198,AYAM GORENG,Chicken Fried
1199,AYAM MASAK MERAH,Chicken in Red Sauce
12,DAGING KAMBING BEBIRI IMPORT TANPA TULANG (MUTTON) (TIDAK TERMASUK PAHA - NEW ZEALAND),Mutton Imported Boneless (MUTTON) (Excluding Leg - NEW ZEALAND)
120,TELUR AYAM GRED C (BERAT 55.0 GM HINGGA 59.9 GM SEBIJI),Eggs Chicken Grade C (Weight 55.0 GM to 59.9 GM each)
1200,AYAM MASAK KICAP,Chicken in Soy Sauce
1201,AYAM MASAK HALIA,Chicken with Ginger
1202,DAGING MASAK MERAH,Meat in Red Sauce
1203,DAGING MASAK KICAP,Meat in Soy Sauce
1204,DAGING MASAK HALIA,Meat with Ginger
1205,DAGING MASAK PAPRIK,Meat with Paprik Sauce
1206,SOTONG GORENG,Squid Fried
1207,SOTONG MASAK MERAH,Squid in Red Sauce
1208,SOTONG MASAK KICAP,Squid in Soy Sauce
1209,SOTONG MASAK HALIA,Squid with Ginger
1210,UDANG GORENG,Prawns Fried
1211,UDANG MASAK MERAH,Prawns in Red Sauce
1212,UDANG MASAK KICAP,Prawns in Soy Sauce
1213,UDANG MASAK HALIA,Prawns with Ginger
1214,SAYUR CAMPUR,Vegetables CAMPUR
1215,SAYUR KAILAN IKAN MASIN,Vegetables KAILAN Fish Salty
1216,SAYUR KANGKUNG GORENG BELACAN,Vegetables Water Spinach Fried BELACAN
1232,TELUR MATA KERBAU,Sunny-Side-Up Egg
1233,TELUR DADAR,Omelette
1234,TELUR BISTIK,Eggs BISTIK
1235,TELUR SETENGAH MASAK,Half-Boiled Eggs
1236,TELUR REBUS,Boiled Eggs
1237,TELUR MASIN,Salted Eggs
1238,SUP AYAM,Chicken Soup
1239,SUP DAGING,Meat Soup
124,TELUR PUYUH,Quail Eggs
1240,SUP EKOR,Oxtail Soup
1241,SUP CAMPUR,Mixed Soup
1242,TOM YAM CAMPUR,Mixed Tom Yam
1243,TOM YAM AYAM,Chicken Tom Yam
1244,TOM YAM DAGING,Meat Tom Yam
1245,TOM YAM UDANG,Prawn Tom Yam
1246,TOM YAM SOTONG,Squid Tom Yam
1247,MAGGI GORENG,MAGGI Fried
1248,MAGGI SUP,MAGGI Soup
125,TELUR ITIK,Duck Eggs
1250,ROTI TELUR,Egg Bread
1252,KUIH LAPIS,Kuih Lapis
1253,KUIH SERI MUKA,Kuih Seri Muka
1254,PAU KACANG MERAH,Steamed Bun Red Beans
1255,PAU AYAM,Steamed Bun Chicken
1256,PAU KAYA,Steamed Bun KAYA
1264,AYAM SOS LEMON,Chicken with Lemon Sauce
1265,SOTONG GORENG ASAM,Squid Fried ASAM
1266,UDANG BUTTER,Butter Prawns
1277,SUP IKAN,Fish Soup
1278,SUP SAYUR MASIN,Soup Vegetables Salty
1279,PAU DAGING,Steamed Bun Meat
1281,NASI BRIYANI AYAM,NASI BRIYANI Chicken
1282,NASI BRIYANI KAMBING,NASI BRIYANI Goat
1284,NASI BRIYANI BUKHARA,NASI BRIYANI BUKHARA
1285,AYAM MASAK KARI,Chicken Curry
1289,SUP TULANG,Bone Soup
129,BAWANG BESAR KUNING/HOLLAND,Onions Yellow/HOLLAND
1290,SUP KAMBING,Mutton Soup
1291,ROTI PISANG,Banana Bread
1292,ROTI BAWANG,Onion Bread
1293,ROTI BOOM,Roti Boom
1294,RAWA TOSAI,RAWA TOSAI
1295,ROTI TISU,Roti Tisu
1296,CAPATI,CAPATI
1297,Ayam Tandoori,Chicken Tandoori
1298,ROTI BAKAR,Toast
1299,MURTABAK AYAM,Chicken Murtabak
1300,MURTABAK DAGING,Meat Murtabak
1301,MURTABAK KAMBING,Mutton Murtabak
1307,AIR SUAM,Warm Water
1309,Kopi Panas,Coffee Hot
131,BAWANG KECIL MERAH ROSE IMPORT (INDIA),Shallots ROSE Imported (INDIA)
1311,TEH 'O' LIMAU PANAS,Hot 'O' Tea with Lime
1312,Teh Panas,Tea Hot
1314,TEH HALIA PANAS,Hot Ginger Tea
1315,NESCAFE PANAS,Hot Nescafe
1317,NESLO PANAS,NESLO Hot
1318,HORLICKS PANAS,HORLICKS Hot
1319,MILO PANAS,Hot Milo
132,BAWANG KECIL MERAH IMPORT (THAILAND),Shallots Imported (THAILAND)
1320,BARLI PANAS,Barley Hot
1321,MILO 'O' PANAS,MILO 'O' Hot
1322,AIR KOSONG,Plain Water
1339,JUS EPAL,Apple Juice
1340,JUS MANGGA,Mango Juice
1341,JUS TEMBIKAI,Watermelon Juice
1343,JUS BELIMBING,Starfruit Juice
1344,JUS LAICI,Lychee Juice
1355,100 PLUS (ORIGINAL),100 PLUS (ORIGINAL)
1358,ROTI SARDIN,Sardine Bread
1359,KOPI 'O' PANAS,Coffee 'O' Hot
1360,TEH 'O' PANAS,Tea 'O' Hot
1364,AYAM TUA HIDUP,Live Old Chicken
1367,DAGING PAHA KAMBING BEBIRI IMPORT BERTULANG  (MUTTON) (AUSTRALIA),Leg Meat Goat Mutton Imported Bone-in (MUTTON) (AUSTRALIA)
1368,DAGING PAHA KAMBING BEBIRI IMPORT BERTULANG (MUTTON) (NEW ZEALAND),"Mutton Leg, Bone-in (MUTTON) (NEW ZEALAND)"
1369,DAGING KAMBING TEMPATAN BERTULANG,Goat Meat Local Bone-in
1370,DAGING LEMBU IMPORT (TOPSIDE),Beef Imported (TOPSIDE)
1371,DAGING LEMBU IMPORT (BLADE),Beef Imported (BLADE)
1372,DAGING LEMBU IMPORT (CHUCKTENDER),Beef Imported (CHUCKTENDER)
1373,DAGING LEMBU IMPORT (KNUCKLE),Beef Imported (KNUCKLE)
1374,DAGING KERBAU TEMPATAN,Buffalo Meat Local
1375,DAGING KERBAU IMPORT (INDIA) * (SILVERSIDE),Buffalo Meat Imported (INDIA) * (SILVERSIDE)
1376,DAGING KERBAU IMPORT (INDIA) * (RUMP),Buffalo Meat Imported (INDIA) * (RUMP)
1377,DAGING KERBAU IMPORT (INDIA) * (BLADE),Buffalo Meat Imported (INDIA) * (BLADE)
1378,DAGING KERBAU IMPORT (INDIA) * (CHUCK),Buffalo Meat Imported (INDIA) * (CHUCK)
1379,DAGING BABI (PERUT / BELLY),Pork (PERUT / BELLY)
1380,DAGING BABI (DAGING & LEMAK / LEAN & FAT),Pork (Meat & LEMAK / LEAN & FAT)
1381,DAGING BABI (ISI DAGING / PURE LEAN),Pork (ISI Meat / PURE LEAN)
1383,DAGING BABI (RUSUK DENGAN DAGING/ RIBS WITH MEAT),Pork (Ribs with Meat/ RIBS WITH MEAT)
1384,BABI HIDUP (±100KG / SEEKOR),Live Pig (±100 kg each)
1391,UDANG PUTIH BESAR/BANANA PRAWN (BERAT ANTARA 41 EKOR HINGGA 60 EKOR SEKILOGRAM),White Prawns Large/BANANA PRAWN (Weight between 41 fish to 60 fish per kilogram)
1396,KUBIS BULAT IMPORT (INDONESIA),Round Cabbage Imported (INDONESIA)
1399,BAWANG PERAI (LEEK) TEMPATAN,Leeks (LEEK) Local
14,DAGING KERBAU IMPORT (INDIA) * (TOP SIDE),Buffalo Meat Imported (INDIA) * (TOP SIDE)
1400,BAWANG PERAI (LEEK) IMPORT,Leeks (LEEK) Imported
1402,HORLICKS (PAKET),HORLICKS (Packet)
1412,KUBIS PANJANG CHINA - BESAR,Chinese Cabbage CHINA - Large
1419,KACANG DAL BIASA (INDIA),Lentils Regular (INDIA)
1420,KACANG DAL MALAVI (INDIA),Lentils MALAVI (INDIA)
1422,KACANG DAL (AUSTRALIA),Lentils (AUSTRALIA)
1431,DAGING LEMBU TEMPATAN (BAHAGIAN 1 DAGING PAHA (KECUALI BATANG PINANG - TENDERLOIN),Local Beef (Section 1 Leg Meat (excluding Tenderloin - TENDERLOIN)
1432,DAGING LEMBU TEMPATAN (BAHAGIAN 2 DAGING PEJAL (KECUALI BATANG PINANG - TENDERLOIN),Local Beef (Section 2 Lean Meat (excluding Tenderloin - TENDERLOIN)
1436,IKAN KERISI (ANTARA 5 HINGGA 10 EKOR SEKILOGRAM),Fish KERISI (between 5 to 10 fish per kilogram)
1437,IKAN SIAKAP (ANTARA 2 HINGGA 4 EKOR SEKILOGRAM),Sea Bass (between 2 to 4 fish per kilogram)
1438,IKAN TENGGIRI BATANG (KEPINGAN),Spanish Mackerel Batang (Slices)
1440,BAWANG BESAR IMPORT (INDIA),Onions Imported (INDIA)
1441,BAWANG BESAR IMPORT (CHINA),Onions Imported (CHINA)
1442,BAWANG KECIL MERAH BIASA IMPORT (INDIA),Shallots Regular Imported (INDIA)
1443,BAWANG KECIL MERAH IMPORT (CHINA),Shallots Imported (CHINA)
1444,BAWANG KECIL MERAH IMPORT (MYANMAR),Shallots Imported (MYANMAR)
1445,BERAS CAP FAIZA EMAS (SST5%),Rice Brand FAIZA EMAS (SST5%)
1458,KUBIS BULAT IMPORT (BEIJING),Round Cabbage Imported (BEIJING)
1463,KRIMER SEJAT CARNATION,Evaporated Creamer CARNATION
1468,PANADOL FOR CHILDREN SUSPENSION 1-6,PANADOL FOR CHILDREN SUSPENSION 1-6
1469,NESCAFE ''O'' PANAS,NESCAFE ''O'' Hot
1474,BERAS BASMATHI - FAIZA (KASHMIR),Basmati Rice - FAIZA (KASHMIR)
1475,IKAN BAWAL PUTIH (ANTARA 2 HINGGA 5 EKOR SEKILOGRAM),White Pomfret (between 2 to 5 fish per kilogram)
1476,IKAN KEMBUNG (ANTARA 8 HINGGA 12 EKOR SEKILOGRAM),Indian Mackerel (between 8 to 12 fish per kilogram)
1477,IKAN MABUNG (ANTARA 6 HINGGA 10 EKOR SEKILOGRAM),Fish MABUNG (between 6 to 10 fish per kilogram)
1479,BROKOLI,Broccoli
148,IKAN BILIS GRED B (KOPEK),Anchovies Grade B (KOPEK)
1481,KUBIS BUNGA (CAULIFLOWER),Cauliflower (CAULIFLOWER)
1482,KUBIS PANJANG (TEMPATAN),Chinese Cabbage (Local)
1483,MEE KUNING BASAH (PELBAGAI JENAMA),"Yellow Noodles, Wet (Various Brands)"
1484,KUETIAU BASAH (PELBAGAI JENAMA),"Flat Rice Noodles, Wet (Various Brands)"
1485,EPAL HIJAU GRANNY SMITH (SAIZ M),Green Apple GRANNY SMITH (Size M)
1486,EPAL MERAH RED DELICIOUS (SAIZ M),Red Apple RED DELICIOUS (Size M)
1487,OREN VALENCIA (SAIZ M),OREN VALENCIA (Size M)
1489,ASAM JAWA (BERBIJI) PELBAGAI JENAMA,Tamarind (With Seeds) Various Brands
1491,BERAS PULUT THAILAND (SUSU) PELBAGAI JENAMA,Glutinous Rice THAILAND (Milk) Various Brands
1492,BERAS PULUT THAILAND (BIASA) PELBAGAI JENAMA,Glutinous Rice THAILAND (Regular) Various Brands
1493,BIHUN KERING TEMPATAN (CAP JASMINE),Rice Vermicelli Dried Local (Brand JASMINE)
1494,ROTI GARDENIA BREAKTHRU - ROTI GANDUM PENUH,Bread GARDENIA BREAKTHRU - Bread GANDUM Full
1498,TEPUNG JAGUNG (PELBAGAI JENAMA),Corn Flour (Various Brands)
1505,DUTCH LADY UHT COKLAT (KOTAK),DUTCH LADY UHT Chocolate (Box)
1506,DUTCH LADY UHT FULL CREAM (KOTAK),DUTCH LADY UHT FULL CREAM (Box)
1507,COCA COLA (TIN),COCA COLA (Tin)
1512,MAMEX LANGKAH 1 - RUMUSAN BAYI (KOTAK),MAMEX Stage 1 - Infant Formula (Box)
1513,SUSTAGEN KID 3+ (VANILLA) - KOTAK,SUSTAGEN KID 3+ (VANILLA) - Box
1514,SUSTAGEN JUNIOR 1+ (VANILLA ) - KOTAK,SUSTAGEN JUNIOR 1+ (VANILLA ) - Box
1515,HEINZ FARLEY RUSKS (ORIGINAL),HEINZ FARLEY RUSKS (ORIGINAL)
1517,HEINZ APPLE PUREE,HEINZ APPLE PUREE
152,KACANG HIJAU (IMPORT),Mung Beans (Imported)
1522,DRYPERS WEE WEE DRY,DRYPERS WEE WEE DRY
1524,BERUS GIGI COLGATE (ZIG ZAG - SOFT),Toothbrush COLGATE (ZIG ZAG - SOFT)
1525,BERUS GIGI ORAL B (COMPLETE EASY CLEAN - SOFT),Toothbrush ORAL B (COMPLETE EASY CLEAN - SOFT)
1538,SABUN PENCUCI AXION PASTE (LEMON),Soap Cleaner AXION PASTE (LEMON)
1539,SABUN PENCUCI KUAT HARIMAU (LEMON),Soap Cleaner KUAT HARIMAU (LEMON)
154,SERBUK KUNYIT (TIDAK BERBUNGKUS),Turmeric Powder (Unwrapped)
1540,SABUN PENCUCI GLO (LEMON),Soap Cleaner GLO (LEMON)
1541,SABUN PENCUCI SUNLIGHT (LEMON),Soap Cleaner SUNLIGHT (LEMON)
1543,KIUB SUP TOMYAM (MAGGI),Tom Yam Soup Cube (Maggi)
1544,SERBUK NASI GORENG CINA ADABI,Powder NASI Fried CINA ADABI
1545,PERENCAH NASI GORENG IKAN BILIS SERI AJI,Seasoning NASI Fried Anchovies SERI AJI
1547,PEPSI COLA (TIN),PEPSI COLA (Tin)
155,SERBUK CILI  (TIDAK BERBUNGKUS),Chili Powder (Unwrapped)
1550,PAHA AYAM (CHICKEN DRUMSTICK),Chicken Thigh (Chicken Drumstick)
1551,DADA AYAM (CHICKEN KEEL) (1KG),DADA Chicken (CHICKEN KEEL) (1KG)
1552,THIGH AYAM,THIGH Chicken
1553,WHOLE LEG AYAM,WHOLE LEG Chicken
1554,IKAN MERAH (KEPINGAN),Red Snapper (Slices)
1555,UDANG PUTIH/VANNAMEI (TERNAK) (ANTARA 41 HINGGA 60 EKOR SEKILOGRAM),White Prawns/VANNAMEI (TERNAK) (between 41 to 60 fish per kilogram)
1556,BAYAM HIJAU,Green Spinach
1557,BAYAM MERAH,Red Spinach
1558,SAWI HIJAU,Green Mustard Greens
1559,KANGKUNG,Water Spinach
1560,KAILAN,KAILAN
1561,TAUGE KACANG HIJAU,Bean Sprouts Mung Beans
1562,UDANG KERING,Dried Prawns
1563,SOTONG KERING (SAIZ SERDAHANA),Dried Squid (Size SERDAHANA)
1564,BAWANG PUTIH IMPORT (CHINA),Garlic Imported (CHINA)
1566,SERBUK KARI IKAN (TIDAK BERBUNGKUS),Curry Powder Fish (Unwrapped)
1567,SERBUK KARI DAGING (TIDAK BERBUNGKUS),Curry Powder Meat (Unwrapped)
1568,SERBUK KARI IKAN ADABI,Curry Powder Fish ADABI
1569,SERBUK KARI IKAN ALAGAPPAS,Curry Powder Fish ALAGAPPAS
1570,SERBUK KARI AYAM DAN DAGING ADABI,Adabi Chicken and Meat Curry Powder
1571,SERBUK KARI DAGING ALAGAPPAS,Curry Powder Meat ALAGAPPAS
1572,SERBUK KARI DAGING BABAS,Curry Powder Meat BABAS
1573,SERBUK KURMA AYAM & DAGING ADABI,Powder Korma Chicken & Meat ADABI
1575,SERBUK KURMA BABAS,Powder Korma BABAS
1576,SERBUK KARI KURMA ALAGAPPAS,Curry Powder Korma ALAGAPPAS
1577,SERBUK PERENCAH SUP ADABI,Powder Seasoning Soup ADABI
1578,SERBUK REMPAH SUP MAK SITI,Spice Powder Soup MAK SITI
1579,SERBUK SUP FAIZA,Powder Soup FAIZA
1581,BERAS CAP RAMBUTAN (SST5%),Rice Brand RAMBUTAN (SST5%)
1582,BERAS CAP JASMINE (SST5%),Jasmine Brand Rice (SST5%)
1583,BERAS SUPER CAP JATI TWR  5% (IMPORT),Super Rice Brand JATI TWR 5% (Imported)
1585,BIHUN KERING IMPORT (CAP BINTANG),Rice Vermicelli Dried Imported (Brand BINTANG)
1586,ROTI SANDWICH MASSIMO DENGAN GERMA GANDUM,Massimo Sandwich Bread with Wheat Germ
1587,GULA HALUS CASTOR (PELBAGAI JENAMA),Fine Sugar CASTOR (Various Brands)
1588,GULA MERAH LEMBUT (PELBAGAI JENAMA),Brown Sugar LEMBUT (Various Brands)
1589,GULA PUTIH BERTAPIS KASAR (PELBAGAI JENAMA),White Coarse-Granulated Sugar (Various Brands)
1590,GULA PUTIH BERTAPIS HALUS (PELBAGAI JENAMA),White Fine-Granulated Sugar (Various Brands)
1591,TEPUNG BERAS (PELBAGAI JENAMA),Rice Flour (Various Brands)
1593,TEPUNG GANDUM GP (BERBUNGKUS) PELBAGAI JENAMA,Wheat Flour GP (Packaged) Various Brands
1594,TEPUNG PULUT (PELBAGAI JENAMA),Glutinous Rice Flour (Various Brands)
1595,MINYAK JAGUNG CAP DAISY,Daisy Corn Oil
1596,MINYAK JAGUNG CAP MAZOLA,Mazola Corn Oil
1597,MINYAK JAGUNG CAP VECORN,Vecorn Corn Oil
1598,MINYAK MASAK SEBATIAN CAP HELANG,Blended Cooking Oil Brand HELANG
1599,MINYAK MASAK SEBATIAN CAP NEPTUNE,Blended Cooking Oil Brand NEPTUNE
16,BETIK BIASA,BETIK Regular
160,UBI KENTANG RUSSET,Potatoes RUSSET
1600,MINYAK MASAK SEBATIAN CAP PISAU,Blended Cooking Oil Brand PISAU
1601,MINYAK MASAK TULEN CAP BURUH,Pure Cooking Oil Brand BURUH
1602,MINYAK MASAK TULEN CAP VESAWIT,Pure Cooking Oil Brand VESAWIT
1603,MINYAK SAPI CAP WINDMILL GHEEBLEND,Ghee Brand WINDMILL GHEEBLEND
1604,ASAM JAWA (TIDAK BERBIJI) ADABI,Adabi Tamarind (Seedless)
1605,GARAM HALUS BIASA (PELBAGAI JENAMA),Fine Salt Regular (Various Brands)
1606,MENTEGA KACANG HALUS LADY'S CHOICE,Butter Beans Fine LADY'S CHOICE
1607,LEPAAN FARMCOWS,LEPAAN FARMCOWS
1608,LEPAAN BUTTERCUP,LEPAAN BUTTERCUP
1609,MENTEGA SCS (SALTED),Butter SCS (SALTED)
1610,SANTAN KELAPA JENAMA M&S,M&S Coconut Milk
1611,SANTAN KELAPA JENAMA KARA,Kara Coconut Milk
1612,SANTAN KELAPA JENAMA HARMUNI,Harmuni Coconut Milk
1613,ESEN STAR BRAND 'PELBAGAI PERISA',ESEN STAR BRAND 'Assorted Flavours'
1615,MENTEGA ANCHOR (SALTED),Butter ANCHOR (SALTED)
1616,MAURIPAN YIS SEGERA,MAURIPAN Instant Yeast
1618,SUSU ISIAN PEKAT MANIS CAP F & N,F&N Sweetened Condensed Milk
1619,SUSU TEPUNG SEGERA DUTCHLADY (BIASA ),Milk Powder Instant DUTCHLADY (Regular )
1623,S-26 SMA RUMUSAN BAYI LANGKAH 1 - (KOTAK),S-26 SMA Infant Formula Stage 1 - (Box)
1624,S-26 GOLD SMA RUMUSAN BAYI LANGKAH 1 - (KOTAK),S-26 Gold SMA Infant Formula Stage 1 (Box)
1628,NESTLE CERELAC GANDUM DAN MADU - KOTAK,Nestle Cerelac Wheat and Honey - Box
1629,NESTLE CERELAC BERAS MERAH & SUSU - TIN,NESTLE CERELAC Rice Red & Milk - Tin
1630,BERUS GIGI COLGATE (TWISTER - SOFT),Toothbrush COLGATE (TWISTER - SOFT)
1635,NESTLE COFFEE-MATE,NESTLE COFFEE-MATE
1636,MILO (PAKET),MILO (Packet)
1637,MILO (PAKET),MILO (Packet)
1638,MILO 3 IN 1 (PAKET) - ORIGINAL,MILO 3 IN 1 (Packet) - ORIGINAL
1645,SERBUK KOPI CAP KAPAL API (KASAR) (BERBUNGKUS),Coffee Powder Brand KAPAL API (Coarse) (Packaged)
1646,SERBUK KOPI HANG TUAH ROBUSTA,Coffee Powder HANG TUAH ROBUSTA
1647,TEH LIPTON (SERBUK),Tea LIPTON (Powder)
1650,TEH LIPTON (UNCANG),Tea LIPTON (UNCANG)
1651,YEO'S SOYA (KOTAK),Yeo's Soya Drink (Box)
1652,PAPERMATE LIQUID PAPER (PEN),PAPERMATE LIQUID PAPER (PEN)
1653,UHU GLUE (GAM PELBAGAI KEGUNAAN),UHU GLUE (GAM Various KEGUNAAN)
1654,MAJALAH CLEO,Magazine CLEO
1657,MAJALAH MINGGUAN WANITA,Magazine MINGGUAN WANITA
1658,COLGATE TOOTHBRUSH EXTRA CLEAN MEDIUM,COLGATE TOOTHBRUSH EXTRA CLEAN MEDIUM
1659,DARLIE TRAVEL KIT ADULT,DARLIE TRAVEL KIT ADULT
1669,KOTEX SOFT AND SMOOTH OVERNIGHT WING 8 PADS (28CM),KOTEX SOFT AND SMOOTH OVERNIGHT WING 8 PADS (28CM)
1670,KOTEX SOFT & SMOOTH MAXI WING 10 PADS,KOTEX SOFT & SMOOTH MAXI WING 10 PADS
1671,REJOICE RICH SOFT SMOOTH SHAMPOO,REJOICE RICH SOFT SMOOTH SHAMPOO
1673,HEAD AND SHOULDERS COOL MENTHOL SHAMPOO,HEAD AND SHOULDERS COOL MENTHOL SHAMPOO
1677,KLEENEX FACIAL TISSUE VINTAGE SOFTPACK 50S X 3,KLEENEX FACIAL TISSUE VINTAGE SOFTPACK 50S X 3
1678,FUMAKILLA D1 (LINGKARAN NYAMUK) - 1 X 10'S,FUMAKILLA D1 (LINGKARAN NYAMUK) - 1 X 10'S
1680,PANADOL ACTIFAST 10S,PANADOL ACTIFAST 10S
1682,STREPSILS ORIGINAL 6 LOZENGES,STREPSILS ORIGINAL 6 LOZENGES
1683,MISTER POTATO CRISPS (PELBAGAI PERISA) - BOTOL,MISTER POTATO CRISPS (Assorted Flavours) - Bottle
1684,PRINGLES POTATO CRISPS (PELBAGAI PERISA) - BOTOL,PRINGLES POTATO CRISPS (Assorted Flavours) - Bottle
1685,MISTER POTATO CHIPS (PELBAGAI PERISA) - PAKET,MISTER POTATO CHIPS (Assorted Flavours) - Packet
1691,OREO BISKUT SANDWICH COKLAT JENAMA KRAFT (PELBAGAI PERISA),OREO Biscuits SANDWICH Chocolate Brand KRAFT (Assorted Flavours)
1692,CREAM O BISKUT SANDWICH JENAMA JACK N JILL (PELBAGAI PERISA),CREAM O Biscuits SANDWICH Brand JACK N JILL (Assorted Flavours)
1693,CHIPSMORE ORIGINAL,CHIPSMORE ORIGINAL
1695,ENO SACHET GINGER,ENO SACHET GINGER
1696,CHIPSMORE MINI HAZELNUTS,CHIPSMORE MINI HAZELNUTS
1697,TIGER BISKUAT SUSU,TIGER Biscuits Milk
1699,CADBURY DAIRY MILK HAZELNUT,CADBURY DAIRY MILK HAZELNUT
1700,KINDER JOY FOR BOYS/FOR GIRLS,KINDER JOY FOR BOYS/FOR GIRLS
1701,TOBLERONE (MILK CHOCOLATE),TOBLERONE (MILK CHOCOLATE)
1704,NIPS CHOCOLATE COATED ROASTED PEANUT,NIPS CHOCOLATE COATED ROASTED PEANUT
171,KORDIAL SUNQUICK (OREN),Cordial SUNQUICK (OREN)
1710,MAGGI HOT CUP (CURRY),MAGGI HOT CUP (CURRY)
1712,YAKULT (ACE/ACE LIGHT),YAKULT (ACE/ACE LIGHT)
1718,LIVITA WITH HONEY (TIN),LIVITA WITH HONEY (Tin)
1719,SEVEN UP LEMON & LIME,SEVEN UP LEMON & LIME
1725,THREE LEGS COOLING WATER,THREE LEGS COOLING WATER
1727,COOL RHINO COOLING WATER,COOL RHINO COOLING WATER
1728,NASI GORENG BIASA,Plain Fried Rice
1729,NASI GORENG SEAFOOD,Seafood Fried Rice
1730,MI GORENG BIASA,Noodles Fried Regular
1731,MI GORENG MAMAK,Noodles Fried MAMAK
1732,MI HAILAM,Noodles HAILAM
1733,MI SUP (AYAM/DAGING),Noodles Soup (Chicken/Meat)
1734,MI TOM YAM,Noodles TOM YAM
1735,MI BANDUNG,Noodles BANDUNG
1736,MI LADNA,Noodles LADNA
1737,MI KUNGFU,Noodles KUNGFU
1738,BIHUN SUP (AYAM/DAGING),Rice Vermicelli Soup (Chicken/Meat)
1739,KUETIAU GORENG BIASA,Flat Rice Noodles Fried Regular
1740,KUETIAU HAILAM,Flat Rice Noodles HAILAM
1741,KUETIAU SUP (AYAM/DAGING),Flat Rice Noodles Soup (Chicken/Meat)
1742,KUETIAU TOM YAM,Flat Rice Noodles TOM YAM
1743,KUETIAU BANDUNG,Flat Rice Noodles BANDUNG
1744,KUETIAU LADNA,Flat Rice Noodles LADNA
1745,KUETIAU KUNGFU,Flat Rice Noodles KUNGFU
1746,CHAR KUETIAU,CHAR Flat Rice Noodles
1747,MI HOKKIEN,Noodles HOKKIEN
1748,KON LOH MI (KICAP),KON LOH Noodles (Soy Sauce)
1749,WAN TAN MI,WAN TAN Noodles
1750,MI UDANG,Noodles Prawns
1751,MI KARI,Noodles Curry
1752,DAGING KAMBING MASAK KARI,Goat Meat Curry
1753,PAK CHOY SOS TIRAM,PAK CHOY Oyster Sauce
1754,SAYUR TAUGEH,Vegetables Bean Sprouts
1755,BABI (PORK) GORENG,Fried Pork (PORK)
1756,BABI (PORK) MASAM MANIS,Pork (PORK) Sweet and Sour
1757,IKAN SIAKAP GORENG (SAIZ SEDERHANA),Sea Bass Fried (Size Medium)
1758,IKAN SIAKAP MASAM MANIS (SAIZ SEDERHANA),Sea Bass Sweet and Sour (Size Medium)
1759,IKAN SIAKAP TIGA RASA (SAIZ SEDERHANA),Sea Bass Three Flavours (Size Medium)
1760,IKAN SIAKAP KUKUS/STIM (SAIZ SEDERHANA),Sea Bass Steamed/Steamed (Size Medium)
1761,IKAN KERAPU GORENG (SAIZ SEDERHANA),Grouper Fried (Size Medium)
1762,IKAN KERAPU MASAM MANIS (SAIZ SEDERHANA),Grouper Sweet and Sour (Size Medium)
1763,IKAN KERAPU TIGA RASA (SAIZ SEDERHANA),Grouper Three Flavours (Size Medium)
1764,IKAN KERAPU KUKUS/STIM (SAIZ SEDERHANA),Grouper Steamed/Steamed (Size Medium)
1765,IKAN BAWAL HITAM GORENG (SAIZ SEDERHANA),Black Pomfret Fried (Size Medium)
1766,IKAN BAWAL HITAM MASAM MANIS (SAIZ SEDERHANA),Black Pomfret Sweet and Sour (Size Medium)
1767,IKAN BAWAL HITAM TIGA RASA (SAIZ SEDERHANA),Black Pomfret Three Flavours (Size Medium)
1768,IKAN BAWAL HITAM KUKUS/STIM (SAIZ SEDERHANA),Black Pomfret Steamed/Steamed (Size Medium)
1769,IKAN BAWAL PUTIH GORENG (SAIZ SEDERHANA),White Pomfret Fried (Size Medium)
1770,IKAN BAWAL PUTIH MASAM MANIS (SAIZ SEDERHANA),White Pomfret Sweet and Sour (Size Medium)
1771,IKAN BAWAL PUTIH KUKUS/STIM (SAIZ SEDERHANA),White Pomfret Steamed/Steamed (Size Medium)
1772,IKAN KEMBUNG GORENG (SAIZ SEDERHANA),Indian Mackerel Fried (Size Medium)
1773,IKAN KEMBUNG MASAK KICAP (SAIZ SEDERHANA),Indian Mackerel in Soy Sauce (Size Medium)
1774,IKAN KEMBUNG TIGA RASA (SAIZ SEDERHANA),Indian Mackerel Three Flavours (Size Medium)
1775,IKAN TENGGIRI GORENG,Spanish Mackerel Fried
1776,IKAN TENGGIRI MASAK KARI,Spanish Mackerel Curry
1777,IKAN TILAPIA GORENG BIASA (SAIZ SEDERHANA),Tilapia Fried Regular (Size Medium)
1778,IKAN TILAPIA MASAM MANIS (SAIZ SEDERHANA),Tilapia Sweet and Sour (Size Medium)
1779,IKAN TILAPIA KUKUS/STIM (SAIZ SEDERHANA),Tilapia Steamed/Steamed (Size Medium)
1780,SUP PERUT,Tripe Soup
1782,ROTI NAAN,Naan Bread
1783,ROTI CANAI BIASA,Plain Roti Canai
1784,KUIH KARIPAP (KENTANG),Kuih KARIPAP (KENTANG)
1785,VADAI MASALA,VADAI MASALA
1786,VADAI ULUNDHU,VADAI ULUNDHU
1787,ROJAK BIASA,ROJAK Regular
1788,ROJAK MI,ROJAK Noodles
1789,TEH TARIK PANAS,Hot Teh Tarik
1790,"KOPI ""O"" AIS","Coffee ""O"" Iced"
1791,KOPI AIS,Iced Coffee
1792,TEH AIS,Iced Tea
1793,NESCAFE AIS,Iced Nescafe
1794,LIMAU AIS,Iced Lime Drink
1795,JUS OREN,Orange Juice
1796,CARROT SUSU,CARROT Milk
18,PISANG BERANGAN,Berangan Bananas
180,TEH BOH (UNCANG),Boh Tea (Tea Bags)
1804,KEPAK AYAM (CHICKEN WING) (1KG),KEPAK Chicken (CHICKEN WING) (1KG)
1808,MENTOS (PELBAGAI PERISA),MENTOS (Assorted Flavours)
1814,LIMAU PANAS,Hot Lime Drink
1818,KACANG BOTOL,Winged Beans
1819,LENGKUAS,Galangal
1820,TELUR MASIN,Salted Eggs
1821,TELUR MASIN,Salted Eggs
1822,BERAS SUPER SPECIAL TEMPATAN SABAH RICE VAGAS TOKOU,Super Rice SPECIAL Local SABAH RICE VAGAS TOKOU
1823,BERAS TQR SABAH CAP TKC 5%,Rice TQR SABAH Brand TKC 5%
1824,BERAS SUPER HUMA CAP KELISA EMAS (SABAH),Super Rice HUMA Brand KELISA EMAS (SABAH)
1825,BERAS SUPER CAP ANGGUR SAZARICE 5% (IMPORT THAILAND),Super Rice Brand ANGGUR SAZARICE 5% (Imported THAILAND)
1826,BERAS SUPER CAP RODA SAZARICE 5% (IMPORT THAILAND),Super Rice Brand RODA SAZARICE 5% (Imported THAILAND)
1827,"TEPUNG GANDUM NGP (BERBUNGKUS, CAP MUHIBAH)","Wheat Flour NGP (Packaged, Brand MUHIBAH)"
1828,KICAP SOYA PEKAT MANIS CAP AYAM,Ayam Brand Thick Sweet Soy Sauce
1829,BUTTERLITE (LEPA SUSU ISTIMEWA),BUTTERLITE (LEPA Milk ISTIMEWA)
1832,BERAS CAP GOLDEN SARAWAK (SST5%),Rice Brand GOLDEN SARAWAK (SST5%)
1833,BERAS PREMIUM CAP UNCLE TAN,Rice PREMIUM Brand UNCLE TAN
1837,KICAP TONG NAM (DARK SOY SAUCE),Soy Sauce TONG NAM (DARK SOY SAUCE)
1838,SERBUK KARI IKAN ALAGAPPAS,Curry Powder Fish ALAGAPPAS
1839,SERBUK KARI DAGING ALAGAPPAS,Curry Powder Meat ALAGAPPAS
1849,TEPUNG NAIK SENDIRI CAP 'BLUE KEY',TEPUNG NAIK SENDIRI Brand 'BLUE KEY'
1851,TENOM COFFEE WANG EMAS (SERBUK),TENOM COFFEE WANG EMAS (Powder)
1852,DESA FRESH MILK (KOTAK),DESA FRESH MILK (Box)
1854,KORDIAL F&N SUN VALLEY (GRENADINE),Cordial F&N SUN VALLEY (GRENADINE)
1856,SERBUK KOPIMAS COFFEE (BOLD TRADITIONS),Powder KOPIMAS COFFEE (BOLD TRADITIONS)
1857,NASI KERABU (BIASA),Nasi Kerabu (Regular)
1858,NASI DAGANG (BIASA),Nasi Dagang (Regular)
1859,"TEH ""O"" AIS","Tea ""O"" Iced"
1860,"TEH ""O"" LIMAU AIS",Iced 'O' Tea with Lime
1861,TEH HALIA AIS,Tea Ginger Iced
1862,"NESCAFE ""O"" AIS","NESCAFE ""O"" Iced"
1863,NESLO AIS,NESLO Iced
1864,HORLICKS AIS,HORLICKS Iced
1865,MILO AIS,MILO Iced
1866,"MILO ""O"" AIS","MILO ""O"" Iced"
1867,SIRAP AIS,Iced Syrup Drink
1868,SIRAP LIMAU AIS,Iced Lime Syrup Drink
1869,SIRAP BANDUNG AIS,Iced Bandung Syrup Drink
1870,"TEPUNG GANDUM NGP (BERBUNGKUS, CAP  FAIZA)","Wheat Flour NGP (Packaged, Brand FAIZA)"
1871,KRIMER SEJAT CAIR SAJI,Evaporated Creamer CAIR SAJI
1872,MAYONIS SEBENAR LADY'S CHOICE,MAYONIS SEBENAR LADY'S CHOICE
1873,KRIMER MANIS CAP TEAPOT,Sweetened Creamer Brand TEAPOT
1874,DUTCH LADY 123 (BIASA),DUTCH LADY 123 (Regular)
1876,PELEMBUT PAKAIAN - DOWNY (PREMIUM PARFUM PASSION),Fabric Softener - DOWNY (PREMIUM PARFUM PASSION)
1877,NESCAFE BLEND & BREW 3 IN 1 (PAKET ) - ORIGINAL,NESCAFE BLEND & BREW 3 IN 1 (Packet ) - ORIGINAL
1879,SEVEN UP LEMON & LIME (TIN),SEVEN UP LEMON & LIME (Tin)
1880,YOGURT LACTEL (FAT FREE) (STRAWBERRY),YOGURT LACTEL (FAT FREE) (STRAWBERRY)
1881,SERBUK CABAI ALAGAPPAS,Chili Powder ALAGAPPAS
1882,TUNA CAP AYAM (TUNA MAYONNAISE),Ayam Brand Tuna (Tuna Mayonnaise)
1884,SABUN SERBUK FAB (PERFECT),Laundry Detergent FAB (PERFECT)
1886,PEMBARIS PLASTIK FABER CASTELL - 15CM,Ruler PLASTIK FABER CASTELL - 15CM
1887,DETTOL SHOWER FOAM ORIGINAL,DETTOL SHOWER FOAM ORIGINAL
1889,AMBI PUR GEL FRESH AIR FRESHENER (PELBAGAI JENIS),AMBI PUR GEL FRESH Water FRESHENER (Assorted Types)
1890,BYE BYE FEVER SUPER COOL (DEWASA),BYE BYE FEVER SUPER COOL (DEWASA)
1891,SUPER RING SNACKS CHEESE,SUPER RING SNACKS CHEESE
1893,MUNCHY'S MUZIC WAFER VANILLA CUBE,MUNCHY'S MUZIC WAFER VANILLA CUBE
1894,CALPIS (PELBAGAI PERISA),CALPIS (Assorted Flavours)
1896,COCA COLA LIGHT,COCA COLA LIGHT
1899,CILI KERING KERINTING (BERTANGKAI/TIDAK BERTANGKAI),Dried Curly Chili (With Stem/Without Stem)
19,PISANG EMAS,Emas Bananas
190,SARDIN CAP AYAM (SOS TOMATO),Ayam Brand Sardines (Tomato Sauce)
1900,CILI KERING LEPER (BERTANGKAI/TIDAK BERTANGKAI),Dried Flat Chili (With Stem/Without Stem)
1902,BERAS SUPER WR (5%),Super Rice WR (5%)
1904,DUMEX DUGRO 3 (1-3 TAHUN) PERISA ASLI (850G),DUMEX DUGRO 3 (1-3 TAHUN) Flavour Original (850G)
1905,MAGGI 2 MINUTE NOODLE CURRY FLAVOUR (5X79G),MAGGI 2 MINUTE NOODLE CURRY FLAVOUR (5X79G)
1907,DAGING KAMBING BEBIRI IMPORT BERTULANG (LAMB) (AUSTRALIA - KOTAK) (1KG),Mutton Imported Bone-in (LAMB) (AUSTRALIA - Box) (1KG)
1908,DAGING KAMBING BEBIRI IMPORT BERTULANG (LAMB) (NEW ZEALAND - KOTAK),Mutton Imported Bone-in (LAMB) (NEW ZEALAND - Box)
1909,DAGING KAMBING BEBIRI IMPORT TANPA TULANG (LAMB) (TIDAK TERMASUK PAHA - AUSTRALIA),Mutton Imported Boneless (LAMB) (Excluding Leg - AUSTRALIA)
191,SARDIN CAP AYAM (SOS TOMATO),Ayam Brand Sardines (Tomato Sauce)
1910,DAGING KAMBING BEBIRI IMPORT TANPA TULANG (LAMB) (TIDAK TERMASUK PAHA - NEW ZEALAND),Mutton Imported Boneless (LAMB) (Excluding Leg - NEW ZEALAND)
1911,DAGING PAHA KAMBING BEBIRI IMPORT BERTULANG (LAMB) (AUSTRALIA),Leg Meat Goat Mutton Imported Bone-in (LAMB) (AUSTRALIA)
1912,DAGING PAHA KAMBING BEBIRI IMPORT BERTULANG (LAMB) (NEW ZEALAND),Leg Meat Goat Mutton Imported Bone-in (LAMB) (NEW ZEALAND)
1913,DAGING LEMBU IMPORT (BLOCK),Beef Imported (BLOCK)
1914,DAGING KERBAU IMPORT (INDIA) (BLOCK),Buffalo Meat Imported (INDIA) (BLOCK)
1915,IKAN JENAHAK (KEPINGAN),Red Snapper (Slices)
1916,IKAN DEMUDUK/CUPAK/CERMIN (b	$ 3 EKOR SEKILOGRAM),Demuduk/Cupak/Cermin Fish (≤ 3 fish per kilogram)
1917,IKAN PARANG (KEPINGAN),Wolf Herring (Slices)
1918,IKAN TERUBOK (b	$ 4 EKOR SEKILOGRAM),Terubok Fish (≤ 4 fish per kilogram)
1919,UDANG PUTIH BESAR (ANTARA 20 HINGGA 30 EKOR SEKILOGRAM),White Prawns Large (between 20 to 30 fish per kilogram)
192,SARDIN CAP KING CUP (SOS TOMATO),King Cup Sardines (Tomato Sauce)
1920,KERANG (SAIZ SEDERHANA),Clams (Size Medium)
1921,IKAN TILAPIA MERAH (ANTARA 2 HINGGA 5 EKOR SEKILOGRAM),Tilapia Red (between 2 to 5 fish per kilogram)
1922,SADERI,SADERI
1923,TERUNG BULAT,Round Eggplant
1924,SERBUK KUNYIT ALAGAPPAS,Turmeric Powder ALAGAPPAS
1925,CILI API/PADI MERAH,Bird's Eye Chili Red
1926,CILI AKAR HIJAU,Chili AKAR Green
1927,CILI AKAR MERAH,Chili AKAR Red
1928,LIMAU KASTURI,Calamansi
1929,SANTAN KELAPA SEGAR (PEKAT),Fresh Coconut Milk (Concentrated)
193,SARDIN CAP KING CUP (SOS TOMATO),King Cup Sardines (Tomato Sauce)
1930,TELUR AYAM KAMPUNG,Free-Range Chicken Eggs
1931,BAWANG BESAR IMPORT (PAKISTAN),Onions Imported (PAKISTAN)
1933,BAWANG KECIL MERAH IMPORT (HOLLAND),Shallots Imported (HOLLAND)
1934,MINYAK MASAK SEBATIAN CAP ADELA GOLD,Blended Cooking Oil Brand ADELA GOLD
1935,MINYAK MASAK SEBATIAN CAP ADELA GOLD,Blended Cooking Oil Brand ADELA GOLD
1936,MINYAK MASAK SEBATIAN CAP ADELA GOLD,Blended Cooking Oil Brand ADELA GOLD
1937,MINYAK MASAK TULEN CAP SAJI,Pure Cooking Oil Brand SAJI
1938,MINYAK MASAK TULEN CAP SAJI,Pure Cooking Oil Brand SAJI
1939,MINYAK MASAK TULEN CAP SAJI,Pure Cooking Oil Brand SAJI
1940,MINYAK MASAK TULEN CAP ALIF,Pure Cooking Oil Brand ALIF
1941,MINYAK MASAK TULEN CAP ALIF,Pure Cooking Oil Brand ALIF
1942,MINYAK MASAK TULEN CAP ALIF,Pure Cooking Oil Brand ALIF
1943,KACANG MERAH (IMPORT),Red Beans (Imported)
1944,KACANG SOYA (IMPORT),Soybeans (Imported)
1945,TAUHU (JENIS KERAS),Firm Tofu
1946,TEMPE (BUNGKUSAN PLASTIK),TEMPE (BUNGKUSAN PLASTIK)
1947,SERBUK PENAIK ROYAL (TIN),Baking Powder ROYAL (Tin)
1948,RAGI BULAT/RAGI TAPAI,RAGI BULAT/RAGI TAPAI
1949,ROTI WHOLEMEAL (PELBAGAI JENAMA),Bread WHOLEMEAL (Various Brands)
195,MACKAREL CAP AYAM (SOS TOMATO),Ayam Brand Mackerel (Tomato Sauce)
1950,BUNGA RAYA YIS SEGERA,BUNGA RAYA Instant Yeast
1951,BERAS SUPER CAP 3A BOY (IMPORT),Super Rice Brand 3A BOY (Imported)
1952,KRIMER SEJAT CAP F&N,Evaporated Creamer Brand F&N
1953,KRIMER MANIS PEKAT CAP SAJI,Sweetened Creamer Concentrated Brand SAJI
1954,SUSU TEPUNG SEGERA EVERYDAY,Milk Powder Instant EVERYDAY
1955,YOGURT MARIGOLD (LOW FAT) (STRAWBERRY),YOGURT MARIGOLD (LOW FAT) (STRAWBERRY)
1956,NAN PRO LANGKAH 1 RUMUSAN BAYI (KOTAK),NAN PRO Stage 1 Infant Formula (Box)
1957,NAN PRO LANGKAH 2 RUMUSAN SUSULAN (KOTAK),NAN PRO Stage 2 Follow-Up Formula (Box)
1958,NANKID OPTIPRO LANGKAH 3 RUMUSAN UNTUK KANAK-KANAK,NANKID OPTIPRO Stage 3 Children's Formula
1959,SUSU SEGAR FARM FRESH,Fresh Milk FARM FRESH
1960,SUSU SEGAR KURMA FARM FRESH,Fresh Milk Korma FARM FRESH
1961,ANMUM ESSENTIAL LANGKAH 4 PERISA ASLI (TANPA GULA TAMBAHAN) - TIN,ANMUM ESSENTIAL Stage 4 Flavour Original (without GULA TAMBAHAN) - Tin
1962,NESTUM (ORIGINAL),NESTUM (ORIGINAL)
1963,REFILL ANMUM ESSENTIAL LANGKAH 4 PERISA ASLI (TANPA GULA TAMBAHAN) - KOTAK,REFILL ANMUM ESSENTIAL Stage 4 Flavour Original (without GULA TAMBAHAN) - Box
1964,QUAKER OATS INSTANT OATMEALS,QUAKER OATS INSTANT OATMEALS
1965,PEDIASURE (VANILA),PEDIASURE (VANILA)
1966,MILNA BISKUT RUSK (ASLI),MILNA Biscuits RUSK (Original)
1967,PETPET GOLD+,PETPET GOLD+
1968,DRYPERS WEE WEE DRY (M74),DRYPERS WEE WEE DRY (M74)
1969,HUGGIES DRY DIAPERS (M72),HUGGIES DRY DIAPERS (M72)
197,MACKAREL CAP KING CUP (SOS TOMATO),King Cup Mackerel (Tomato Sauce)
1970,DIAPEX EASY,DIAPEX EASY
1971,FITTI,FITTI
1972,MAMYPOKO EXTRA DRY,MAMYPOKO EXTRA DRY
1973,PETPET DAY NIGHT PANTS,PETPET DAY NIGHT PANTS
1974,DRYPERS DRYPANTZ,DRYPERS DRYPANTZ
1975,HUGGIES DRY PANTS,HUGGIES DRY PANTS
1976,MAGGI MI SEGERA PERISA KARI,MAGGI Noodles Instant Flavour Curry
1977,CINTAN MI SEGERA PERISA AYAM,CINTAN Noodles Instant Flavour Chicken
1978,MI SEDAP MI GORENG PERISA ASLI,Noodles SEDAP Noodles Fried Flavour Original
1979,SABUN MANDIAN LIFEBUOY (COOL FRESH),Body Wash LIFEBUOY (COOL FRESH)
1980,SABUN MANDIAN DETTOL ANTIBACTERIAL (FRESH),Body Wash DETTOL ANTIBACTERIAL (FRESH)
1981,SABUN MANDIAN LUX (MAGICAL SPELL),Body Wash LUX (MAGICAL SPELL)
1982,SYAMPU REJOICE (RICH SOFT SMOOTH),Shampoo REJOICE (RICH SOFT SMOOTH)
1983,SYAMPU PANTENE PRO-V (HAIR FALL CONTROL),Shampoo PANTENE PRO-V (HAIR FALL CONTROL)
1984,SYAMPU HEAD & SHOULDERS (SMOOTH & SILKY),Shampoo HEAD & SHOULDERS (SMOOTH & SILKY)
1985,TUALA WANITA KOTEX SOFT & SMOOTH (MAXI - NON WING),Sanitary Pads KOTEX SOFT & SMOOTH (MAXI - NON WING)
1986,TUALA WANITA LIBRESSE (MAXI - NON WING),Sanitary Pads LIBRESSE (MAXI - NON WING)
1987,DEODORAN NIVEA MAN (BLACK & WHITE INVISIBLE - ORIGINAL),Deodorant NIVEA MAN (BLACK & WHITE INVISIBLE - ORIGINAL)
1988,DEODORAN NIVEA (EXTRA BRIGHTENING),Deodorant NIVEA (EXTRA BRIGHTENING)
1989,DEODORAN REXONA MEN (SPORT DEFENSE),Deodorant REXONA MEN (SPORT DEFENSE)
199,TUNA CAP TC BOY (SANDWICH DELITE),TC Boy Tuna (Sandwich Delite)
1990,DEODORAN REXONA (POWDER DRY BRIGHTENING),Deodorant REXONA (POWDER DRY BRIGHTENING)
1991,SABUN SERBUK BREEZE (POWER CLEAN),Laundry Detergent BREEZE (POWER CLEAN)
1992,SABUN SERBUK ATTACK (AROMA FRESH + COLOUR),Laundry Detergent ATTACK (AROMA FRESH + COLOUR)
1993,SABUN SERBUK TOP (SUPER COLOUR),Laundry Detergent TOP (SUPER COLOUR)
1994,DYNAMO POWER GEL (PERFECT CLEAN),DYNAMO POWER GEL (PERFECT CLEAN)
1995,DAIA EXCELLENT WASHING POWER (EUA DE PARFUM),DAIA EXCELLENT WASHING POWER (EUA DE PARFUM)
1996,PELEMBUT PAKAIAN - SOFTLAN (FLORAL FANTASY),Fabric Softener - SOFTLAN (FLORAL FANTASY)
1998,PENCUCI PELBAGAI GUNA DETTOL (LAVENDER),Dettol Multi-Purpose Cleaner (Lavender)
1999,PENCUCI PELBAGAI GUNA MR MUSCLE (LAVENDER),Mr Muscle Multi-Purpose Cleaner (Lavender)
2,AYAM BERSIH - SUPER,Cleaned Chicken - Super
20,TEMBIKAI MERAH BERBIJI,Red Watermelon With Seeds
2000,PENCUCI PELBAGAI GUNA AJAX FABULOSO (LAVENDER),Ajax Fabuloso Multi-Purpose Cleaner (Lavender)
2001,DUMEX DUPRO 2 (RUMUSAN SUSULAN),DUMEX DUPRO 2 (Follow-Up Formula)
2002,PELUNTUR CLOROX (ORIGINAL),Bleach CLOROX (ORIGINAL)
2003,BIHUN KERING IMPORT (PELBAGAI JENAMA),Rice Vermicelli Dried Imported (Various Brands)
2004,BERAS SUPER SPECIAL CAP FAMILI 5%,Super Rice SPECIAL Brand FAMILI 5%
2008,SUSU TEPUNG PENUH KRIM SEGERA NESPRAY,Milk Powder Full Cream Instant NESPRAY
2009,DUTCH LADY 123 (BIASA),DUTCH LADY 123 (Regular)
201,JEM STRAWBERI LADY'S CHOICE,JEM STRAWBERI LADY'S CHOICE
2010,DUTCH LADY 456 (BIASA),DUTCH LADY 456 (Regular)
2011,KIUB SUP TOM YAM (MAGGI),Tom Yam Soup Cube (Maggi)
2012,KICAP TAMIN (DARK SOY SAUCE),Soy Sauce TAMIN (DARK SOY SAUCE)
2013,KRAFT DAIRYLEA SINGLES CHEESE 12 SLICES,KRAFT DAIRYLEA SINGLES CHEESE 12 SLICES
2014,ENFAGROW A+ MIND PRO LANGKAH 3 VANILA (KOTAK),ENFAGROW A+ MIND PRO Stage 3 VANILA (Box)
2015,PETPET PANTS GOLD+,PETPET PANTS GOLD+
2016,SABUN SERBUK FAB (PERFECT),Laundry Detergent FAB (PERFECT)
2017,DYNAMO POWER GEL (PERFECT CLEAN),DYNAMO POWER GEL (PERFECT CLEAN)
2018,SABUN PENCUCI SUNLIGHT (LEMON),Soap Cleaner SUNLIGHT (LEMON)
2019,NESCAFE 3 IN 1 ORIGINAL (AROMATIC & BALANCED),NESCAFE 3 IN 1 ORIGINAL (AROMATIC & BALANCED)
202,SERI KAYA YEO'S,SERI KAYA YEO'S
2020,YOGURT LACTEL (FAT FREE) (STRAWBERRY),YOGURT LACTEL (FAT FREE) (STRAWBERRY)
203,MAINLAND CHESDALE CHEDDAR CHEESE SPREAD 12 CHEDDAR,MAINLAND CHESDALE CHEDDAR CHEESE SPREAD 12 CHEDDAR
204,KRAFT HI - CALCIUM SINGLES PROCESSED CHEESE 12 SLICES,KRAFT HI - CALCIUM SINGLES PROCESSED CHEESE 12 SLICES
205,MARJERIN DAISY,Margarine DAISY
206,MARJERIN PLANTA,Margarine PLANTA
21,TEMBIKAI MERAH TANPA BIJI,Red Watermelon without Seeds
212,KICAP TAMIN (DARK SOY SAUCE),Soy Sauce TAMIN (DARK SOY SAUCE)
214,KICAP LEMAK MANIS CAP KIPAS UDANG,Sweet Thick Soy Sauce Brand KIPAS Prawns
215,KICAP LEMAK MANIS CAP JALEN,Sweet Thick Soy Sauce Brand JALEN
217,SOS TOMATO MAGGI,Maggi Tomato Sauce
218,SOS CILI LIFE,Life Chili Sauce
22,DRAGON FRUIT MERAH,Red Dragon Fruit
221,DRINHO SOYA (KOTAK),Drinho Soya Drink (Box)
224,SUSU SEGAR DUTCH LADY,Fresh Milk DUTCH LADY
225,SUSU MARIGOLD HL,Milk MARIGOLD HL
226,YEO'S LAICI (KOTAK),YEO'S LAICI (Box)
228,COCA COLA (BOTOL),COCA COLA (Bottle)
229,F&N OREN (TIN),F&N OREN (Tin)
230,F&N OREN (BOTOL),F&N OREN (Bottle)
232,MIRINDA OREN (BOTOL),MIRINDA OREN (Bottle)
235,JUS OREN PEEL FRESH (MARIGOLD),Juice OREN PEEL FRESH (MARIGOLD)
236,JUS OREN SUNKIST,Sunkist Orange Juice
239,RED BULL (BOTOL),RED BULL (Bottle)
24,TEMBIKAI SUSU,Milk Watermelon
240,LIVITA WITH HONEY (BOTOL),LIVITA WITH HONEY (Bottle)
246,MINYAK JAGUNG CAP MAZOLA,Mazola Corn Oil
25,NENAS BIASA (JOSAPINE/MORRIS/SARAWAK),Regular Pineapple (JOSAPINE/MORRIS/SARAWAK)
254,MINYAK MASAK SEBATIAN CAP HELANG,Blended Cooking Oil Brand HELANG
257,MINYAK MASAK SEBATIAN CAP NEPTUNE,Blended Cooking Oil Brand NEPTUNE
26,ANGGUR HIJAU BERBIJI,Green Grapes With Seeds
260,MINYAK MASAK SEBATIAN CAP PISAU,Blended Cooking Oil Brand PISAU
263,MINYAK MASAK TULEN CAP BURUH,Pure Cooking Oil Brand BURUH
266,MINYAK MASAK TULEN CAP SERI MURNI,Pure Cooking Oil Brand SERI MURNI
267,MINYAK MASAK TULEN CAP VESAWIT,Vesawit Brand Pure Cooking Oil
27,ANGGUR MERAH BERBIJI,Red Grapes With Seeds
271,MINYAK SAPI CAP QBB,Ghee Brand QBB
272,ROTI SANDWICH GARDENIA ORIGINAL CLASSIC,Bread SANDWICH GARDENIA ORIGINAL CLASSIC
292,UBAT GIGI COLGATE (PUDINA SEGAR),Colgate Toothpaste (Fresh Mint)
293,UBAT GIGI DARLIE DOUBLE ACTION (PUDINA ASLI),Darlie Double Action Toothpaste (Original Mint)
295,UBAT GIGI FRESH & WHITE (PUDINA SEGAR),Fresh & White Toothpaste (Fresh Mint)
299,LACTOGEN 1 RUMUSAN BAYI (KOTAK),LACTOGEN 1 Infant Formula (Box)
3,AYAM HIDUP,Live Chicken
300,LACTOGEN 2 RUMUSAN SUSULAN (KOTAK),LACTOGEN 2 Follow-Up Formula (Box)
303,ENFAGROW A+ MIND PRO LANGKAH 3 VANILLA (KOTAK),ENFAGROW A+ MIND PRO Stage 3 VANILLA (Box)
31,LAI KUNING (SAIZ M),Yellow Pear (Size M)
320,SUSU SEJAT PENUH KRIM CAP IDEAL,Evaporated Milk Full Cream Brand IDEAL
327,SUSU TEPUNG ISIAN KURANG LEMAK 'OMEGA PLUS',Low-Fat Milk Powder (Omega Plus)
332,SUSU TEPUNG SEGERA FERNLEAF (INSTANT),Milk Powder Instant FERNLEAF (INSTANT)
334,SUSU ANLENE ACTIFIT 3X PERISA ASLI,Milk ANLENE ACTIFIT 3X Flavour Original
335,SUSU ANLENE GOLD 5X,Milk ANLENE GOLD 5X
336,ANMUM MATERNA (BIASA/COKLAT),ANMUM MATERNA (Regular/Chocolate)
343,KULIT KAYU MANIS,Cinnamon Bark
344,SUSU TEPUNG SEGERA EVERYDAY,Milk Powder Instant EVERYDAY
345,SUSU TEPUNG ISIAN KURANG LEMAK 'OMEGA PLUS',Low-Fat Milk Powder (Omega Plus)
346,REMPAH KURMA (TIDAK BERBUNGKUS),Spice Korma (Unwrapped)
347,REMPAH SUP (TIDAK BERBUNGKUS),Spice Soup (Unwrapped)
350,SERBUK KARI IKAN BABAS,Curry Powder Fish BABAS
360,SUP BUNJUT ADABI,Soup BUNJUT ADABI
361,SUP PUNJUT MAK SITI,Soup PUNJUT MAK SITI
364,SERBUK CILI BABAS,Chili Powder BABAS
365,SERBUK KUNYIT CAMPURAN (SEBATIAN) ADABI,Turmeric Powder CAMPURAN (Blended) ADABI
367,SERBUK KUNYIT BABAS,Turmeric Powder BABAS
368,KACANG TANAH (IMPORT),Peanuts (Imported)
38,JAMBU BATU BERBIJI,Guava With Seeds
388,KRIMER MANIS CAP JUNJUNG,Sweetened Creamer Brand JUNJUNG
39,JAMBU BATU TANPA BIJI,Guava without Seeds
43,IKAN BAWAL HITAM (ANTARA 2 HINGGA 5 EKOR SEKILOGRAM),Black Pomfret (between 2 to 5 fish per kilogram)
47,IKAN CENCARU (ANTARA 4 HINGGA 6 EKOR SEKILOGRAM),Hardtail Scad (between 4 to 6 fish per kilogram)
49,IKAN GELAMA (ANTARA 5 HINGGA 10 EKOR SEKILOGRAM),Croaker (between 5 to 10 fish per kilogram)
51,IKAN JENAHAK (b	% 1 KILOGRAM SEEKOR),Red Snapper (≥ 1 kilogram each)
52,KEPALA IKAN JENAHAK,Red Snapper Head
55,IKAN KEMBUNG KECIL/PELALING (ANTARA 10 HINGGA 18 EKOR SEKILOGRAM),Indian Mackerel Small/PELALING (between 10 to 18 fish per kilogram)
60,IKAN MERAH (b	% 1 KILOGRAM SEEKOR),Red Snapper (≥ 1 kilogram each)
64,KEPALA IKAN MERAH,Head Red Snapper
65,IKAN KERAPU (ANTARA 2 HINGGA 5 EKOR SEKILOGRAM),Grouper (between 2 to 5 fish per kilogram)
66,IKAN PARANG (ANTARA 1 HINGGA 3 EKOR SEKILOGRAM),Wolf Herring (between 1 to 3 fish per kilogram)
68,IKAN PARI (KEPINGAN),Stingray (Slices)
69,IKAN SELAR KUNING (b	% 11 EKOR SEKILOGRAM),Yellowtail Scad (≥ 11 fish per kilogram)
70,IKAN SELAR PELATA (≤ 7 EKOR SEKILOGRAM),Whitefin Scad (≤ 7 fish per kilogram)
71,IKAN SELAYANG/SARDIN  (≥ 13 EKOR SEKILOGRAM),Scad/Sardine (≥ 13 fish per kilogram)
716,CILI API/PADI HIJAU,Bird's Eye Chili Green
73,IKAN SENANGIN (ANTARA 2 HINGGA 8 EKOR SEKILOGRAM),Threadfin (between 2 to 8 fish per kilogram)
78,IKAN TAMBAN BELURU (ANTARA 10 HINGGA 19 EKOR SEKILOGRAM),Fish TAMBAN BELURU (between 10 to 19 fish per kilogram)
79,IKAN TENGGIRI PAPAN (ANTARA 1 HINGGA 2 EKOR SEKILOGRAM),Spanish Mackerel PAPAN (between 1 to 2 fish per kilogram)
82,IKAN TENGGIRI BATANG (ANTARA 1 HINGGA 2 EKOR SEKILOGRAM),Spanish Mackerel Batang (between 1 to 2 fish per kilogram)
83,IKAN TONGKOL/AYA/KAYU HITAM (ANTARA 1 HINGGA 2 EKOR SEKILOGRAM),Black Tuna/Longtail Tuna (between 1 to 2 fish per kilogram)
843,ANMUM LACTA (BIASA),ANMUM LACTA (Regular)
845,SOTONG (≥ 6 EKOR SEKILOGRAM),Squid (≥ 6 fish per kilogram)
847,KETAM RENJONG/BUNGA (ANTARA 5 HINGGA 8 EKOR SEKILOGRAM),Crab RENJONG/BUNGA (between 5 to 8 fish per kilogram)
849,UDANG PUTIH KECIL (b	% 61 EKOR SEKILOGRAM),Small White Prawns (≥ 61 prawns per kilogram)
850,UDANG HARIMAU (ANTARA 20 HINGGA 30 EKOR SEKILOGRAM),Tiger Prawns (between 20 to 30 fish per kilogram)
861,UBI KENTANG HOLLAND,Potatoes HOLLAND
863,JINTAN MANIS (KASAR),Fennel (Coarse)
864,BUNGA CENGKIH,Cloves
865,BUNGA LAWANG,Star Anise
866,BUAH PELAGA,Cardamom
867,BUAH KERAS,Candlenut
868,BUAH PALA,Nutmeg
869,BIJI SAWI,Mustard Seeds
87,IKAN HARUAN (ANTARA 2 HINGGA 5 EKOR SEKILOGRAM),Snakehead Fish (between 2 to 5 fish per kilogram)
870,BIJI KETUMBAR,Coriander Seeds
871,LADA HITAM,Black Pepper
873,LADA PUTIH,White Pepper
88,IKAN KELI (ANTARA 2 HINGGA 5 EKOR SEKILOGRAM),Catfish (between 2 to 5 fish per kilogram)
883,KRIMER MANIS BERVITAMIN CAP F&N,Sweetened Creamer BERVITAMIN Brand F&N
884,KRIMER MANIS CAP GOLD COIN,Sweetened Creamer Brand GOLD COIN
89,IKAN TILAPIA HITAM (ANTARA 2 HINGGA 5 EKOR SEKILOGRAM),Tilapia HITAM (between 2 to 5 fish per kilogram)
896,HALBA,Fenugreek
9,DAGING KAMBING BEBIRI IMPORT BERTULANG (MUTTON) (AUSTRALIA - KOTAK),Mutton Imported Bone-in (MUTTON) (AUSTRALIA - Box)
904,BERAS SUPER CAP RAMBUTAN 5% (IMPORT),Super Rice Brand RAMBUTAN 5% (Imported)
910,KORDIAL F&N (SIRAP ROS),F&N Cordial (Rose Syrup)
917,"TEPUNG GANDUM NGP (BERBUNGKUS, CAP SAUH)","Wheat Flour NGP (Packaged, Brand SAUH)"
918,MINYAK MASAK PAKET (PELBAGAI JENAMA),Cooking Oil Packet (Various Brands)
919,SUSU TEPUNG PENUH KRIM DUTCHLADY,Milk Powder Full Cream DUTCHLADY
92,CILI HIJAU,Green Chili
929,NESCAFE CLASSIC (PAKET),NESCAFE CLASSIC (Packet)
93,CILI MERAH - KULAI,Red Chili - KULAI
94,CILI MERAH - MINYAK,Red Chili - MINYAK
95,HALIA BASAH (TUA),Fresh Ginger (TUA)
957,SOS CILI KIMBALL,Kimball Chili Sauce
96,KACANG BENDI,Okra
97,KACANG BUNCIS,French Beans
98,KACANG PANJANG,Long Beans
992,BERAS CAP JATI (SST5%),Rice Brand JATI (SST5%)
